Data_Hora,IdTweet,Tweet,Candidato,Tweet_limpo,Sentimento_Final
2022-07-30 23:16:51+00:00,1553520025637625856,"@LulaOficial Exatamente, a verdade contra a sua mentira. ğŸ˜¡ğŸ˜¡ğŸ˜¡ğŸ˜¡",Lula," exatamente, a verdade contra a sua mentira. ğŸ˜¡ğŸ˜¡ğŸ˜¡ğŸ˜¡",Neutro
2022-07-30 23:16:51+00:00,1553520024891047943,@gleisi @LulaOficial @CamiloSantanaCE @elmanofreitaspt SÃ³ rindo hahahahaha,Lula,    sÃ³ rindo hahahahaha,Neutro
2022-07-30 23:16:49+00:00,1553520017127374848,"O Manifesto do Direito via USP, com 500 mil assinaturas, Ã© a pÃ¡ de cal no aloprado e imaginÃ¡rio golpe de Bolsonaro, a burguesia paulista reconhece a vitÃ³ria de Lula como melhor opÃ§Ã£o que a a atual dinastia no poder. Moro desponta para o anonimato. O paÃ­s volta a maio de 2013.",Lula,"o manifesto do direito via usp, com 500 mil assinaturas, Ã© a pÃ¡ de cal no aloprado e imaginÃ¡rio golpe de bolsonaro, a burguesia paulista reconhece a vitÃ³ria de lula como melhor opÃ§Ã£o que a a atual dinastia no poder. moro desponta para o anonimato. o paÃ­s volta a maio de 2013.",Negativo
2022-07-30 23:16:49+00:00,1553520014518620162,@DeputadoFederal @LulaOficial 22ğŸ‡§ğŸ‡·ğŸ‡§ğŸ‡·ğŸ‡§ğŸ‡·ğŸ‡§ğŸ‡·ğŸ‡§ğŸ‡·ğŸ‡§ğŸ‡·,Lula,  22ğŸ‡§ğŸ‡·ğŸ‡§ğŸ‡·ğŸ‡§ğŸ‡·ğŸ‡§ğŸ‡·ğŸ‡§ğŸ‡·ğŸ‡§ğŸ‡·,Neutro
2022-07-30 23:16:49+00:00,1553520014342381569,"@LulaOficial Analisando, o molusco nÃ£o sai as ruas, Bolsonaro que jÃ¡ levou uma facada sempre quando sai arrasta multidÃ£o. Mais uma mentira, vamos a prÃ³xima.",Lula," analisando, o molusco nÃ£o sai as ruas, bolsonaro que jÃ¡ levou uma facada sempre quando sai arrasta multidÃ£o. mais uma mentira, vamos a prÃ³xima.",Neutro
2022-07-30 23:16:47+00:00,1553520009762185216,@LulaOficial @elmanofreitaspt #PTquadrilhaSaqueadoraDoBrasil,Lula,  ,Neutro
2022-07-30 23:16:47+00:00,1553520009288220672,@DeputadoFederal @LulaOficial Ta loco!,Lula,  ta loco!,Neutro
2022-07-30 23:16:47+00:00,1553520005723181058,@DeputadoFederal @LulaOficial ğŸ¤£ğŸ¤£ğŸ¤£ğŸ¤£ğŸ¤£ğŸ¤£ğŸ¤£ğŸ¤£,Lula,  ğŸ¤£ğŸ¤£ğŸ¤£ğŸ¤£ğŸ¤£ğŸ¤£ğŸ¤£ğŸ¤£,Neutro
2022-07-30 23:16:46+00:00,1553520003642793986,"@LulaOficial @dilmabr https://t.co/QWqHeM8DlX
Pelo visto aprendeu a ler nÃ© ? Pois entÃ£o relembre o que foi naquela Ã©poca. Vale a pena recordar !!",Lula,   visto aprendeu a ler nÃ© ? pois entÃ£o relembre o que foi naquela Ã©poca. vale a pena recordar !!,Neutro
2022-07-30 23:16:45+00:00,1553520000941674496,Os 47% dos eleitores do Lula em apenas uma gravaÃ§Ã£o. Ã‰ tanta gente que a Paulista atÃ© ficou com trÃ¢nsito ğŸ¤£ğŸ¤£ğŸ¤£ğŸ¤£ https://t.co/QmggNgsAfp,Lula,os 47% dos eleitores do lula em apenas uma gravaÃ§Ã£o. Ã© tanta gente que a paulista atÃ© ficou com trÃ¢nsito ğŸ¤£ğŸ¤£ğŸ¤£ğŸ¤£ ,Neutro
2022-07-30 23:16:45+00:00,1553519999674900481,"@Nor_Niemand @CentralEleicoes SÃ³ votei no Lula/PT em 89, voto agora tranquila no 1o turno",Lula,"  sÃ³ votei no lula/pt em 89, voto agora tranquila no 1o turno",Negativo
2022-07-30 23:16:44+00:00,1553519997179367427,@ptbrasil @LulaOficial https://t.co/SXxtGH0YYX,Lula,  ,Neutro
2022-07-30 23:16:43+00:00,1553519992762777600,"ASSISTA ANTES DE DAR RT OU CURTIR: https://t.co/WJWs3lxJCT 

Lula lÃ¡ e Renan em Alagoas: polÃ­tica com â€œPâ€ maiÃºsculo | Blog do Cadu Amaral 

Inscreva-se no canal! ğŸ‘ 

#LulaNoPrimeiroTurno #PolÃ­tica #RenanCalheiros #EleiÃ§Ãµes2022",Lula,assista antes de dar rt ou curtir:  lula lÃ¡ e renan em alagoas: polÃ­tica com â€œpâ€ maiÃºsculo | blog do cadu amaral inscreva-se no canal! ğŸ‘    ,Negativo
2022-07-30 23:16:43+00:00,1553519992548823040,@Flamengo @Brasileirao LULA PRESIDENTE E HADDAD GOVERNADOR PELA GLÃ“RIA E HONRA DO NOSSO SENHOR JESUS CRISTO ğŸ™ğŸ™ğŸ™ğŸ™ğŸ™ğŸ™ğŸ™ğŸ™âœ¨ğŸ’«â­ğŸŒŸğŸ˜â¤ï¸,Lula,  lula presidente e haddad governador pela glÃ³ria e honra do nosso senhor jesus cristo ğŸ™ğŸ™ğŸ™ğŸ™ğŸ™ğŸ™ğŸ™ğŸ™âœ¨ğŸ’«â­ğŸŒŸğŸ˜â¤ï¸,Neutro
2022-07-30 23:16:43+00:00,1553519991454154753,"@JohnConnorRJ1 @NewtonRPFilhobr @Anja191083 @asarock8 @Alexand92840726 @AlexandrePT13CV @ValdiviaLiette @CleuzaTur @borgescm @lacerdaeh @MarcioRomanha @Xavi93849835 @Ceissa_Med @RamosEneildes @joaodomenech @Adelinakassiano @AntifasMandela @carlos_verzaro @DanieleLucena11 @elisa_poco @IsneyCunha @jusbs12 @Lula_Haddad_13 @MarivoneLula @NiltonA25851364 @RaquelS34723890 @sherjhon @valthecat40 @almir_otero @BetoLuz19731 @ClaraNu42942718 @dulcineiasrj @fadaropalazini @Gustavoucranian @liliamoema @marcilioap @mlmuraca @PeloniaLopes @RoliMarcia @SuzeteMendes12 @williansrangel @LulaOficial @ptbrasil @gleisi @uczai @paulopaim @Dep_ZeCarlosPT A Luta DemocrÃ¡tica exige coragem de nÃ³s, hoje Fortaleza,  a Capital do CearÃ¡ se vestiu de Vermelho e foi Ã s ruas !!! #Lula13Presidente eleito no primeiro turno pelo bem do Brasil",Lula,"                                               a luta democrÃ¡tica exige coragem de nÃ³s, hoje fortaleza,  a capital do cearÃ¡ se vestiu de vermelho e foi Ã s ruas !!!  eleito no primeiro turno pelo bem do brasil",Negativo
2022-07-30 23:16:43+00:00,1553519990795542528,"to aqui na casa do meu pai nÃ©, ai fui pegar uma toalha pra tomar banho. tinha duas, uma outra vermelhinha e uma da minha irmÃ£. ai peguei a outra pra n pegar a da minha irmÃ£. desdobrei era uma toalha do lula.",Lula,"to aqui na casa do meu pai nÃ©, ai fui pegar uma toalha pra tomar banho. tinha duas, uma outra vermelhinha e uma da minha irmÃ£. ai peguei a outra pra n pegar a da minha irmÃ£. desdobrei era uma toalha do lula.",Neutro
2022-07-30 23:16:41+00:00,1553519984055357442,"@senadorhumberto @LulaOficial Claro que o povo tÃ¡ fez pois eles tem Ã¡gua pra beber ,tomar banho e para tudo que a Ã¡gua Ã© necessÃ¡ria .GraÃ§as ao nosso querido presidente.Bolsonaro reeleito no primeiro turno ğŸ‡§ğŸ‡·ğŸ‡§ğŸ‡·ğŸ‡§ğŸ‡·",Lula,"  claro que o povo tÃ¡ fez pois eles tem Ã¡gua pra beber ,tomar banho e para tudo que a Ã¡gua Ã© necessÃ¡ria .graÃ§as ao nosso querido presidente.bolsonaro reeleito no primeiro turno ğŸ‡§ğŸ‡·ğŸ‡§ğŸ‡·ğŸ‡§ğŸ‡·",Negativo
2022-07-30 23:16:41+00:00,1553519983015198721,@LulaOficial Luladrao volta pra prisÃ£o,Lula, luladrao volta pra prisÃ£o,Neutro
2022-07-30 23:16:41+00:00,1553519982968987649,quem vota no @LulaOficial Ã‰ MAL CARÃTER!,Lula,quem vota no  Ã© mal carÃ¡ter!,Negativo
2022-07-30 23:16:41+00:00,1553519980657909762,@JanainaDoBrasil Se o Lula ganhar nÃ³s vamos parar o Brasil pra comemorar por 7 dias e 7 noites seguidas.,Lula, se o lula ganhar nÃ³s vamos parar o brasil pra comemorar por 7 dias e 7 noites seguidas.,Neutro
2022-07-30 23:16:40+00:00,1553519977864495107,@renancalheiros @LulaOficial Exato. Por isso voto Bolsonaro.,Lula,  exato. por isso voto bolsonaro.,Neutro
2022-07-30 23:16:40+00:00,1553519976367247368,"@LulaOficial @ricardostuckert Para relembrar. ğŸ‘‰ğŸ»Desvio de Dinheiro dos Transportes ğŸ‘‰ğŸ»O pedido de propina de Waldomiro DinizğŸ‘‰ğŸ»A roubalheira nos Correios 
ğŸ‘‰ğŸ»MensalÃ£o
ğŸ‘‰ğŸ»Os DossiÃªs forjados dos â€œAlopradosâ€ 
ğŸ‘‰ğŸ»A queda de Palocci e o pedido de propina do PT em RibeirÃ£o Preto
ğŸ‘‰ğŸ»O PetrolÃ£o. CorrupÃ§Ã£o do PT.",Lula,  para relembrar. ğŸ‘‰ğŸ»desvio de dinheiro dos transportes ğŸ‘‰ğŸ»o pedido de propina de waldomiro dinizğŸ‘‰ğŸ»a roubalheira nos correios ğŸ‘‰ğŸ»mensalÃ£oğŸ‘‰ğŸ»os dossiÃªs forjados dos â€œalopradosâ€ ğŸ‘‰ğŸ»a queda de palocci e o pedido de propina do pt em ribeirÃ£o pretoğŸ‘‰ğŸ»o petrolÃ£o. corrupÃ§Ã£o do pt.,Neutro
2022-07-30 23:16:39+00:00,1553519973687074818,"Em 2 de outubro entaremos apoiando essa turma nas urnas aqui no ParanÃ¡:

Presidente: @LulaOficial 
Governadora: @profangelapsol 
Senador:Laerson Matias
Deputada Estadual:@giovannapsol 
Dedutado Federal: Adriano Negocek",Lula,em 2 de outubro entaremos apoiando essa turma nas urnas aqui no paranÃ¡:presidente:  governadora:  senador:laerson matiasdeputada estadual: dedutado federal: adriano negocek,Negativo
2022-07-30 23:16:39+00:00,1553519972680359938,"@molimaxv @LulaOficial @ricardostuckert E cinquenta, pra irem",Lula,"   e cinquenta, pra irem",Neutro
2022-07-30 23:16:38+00:00,1553519970557906944,@LulaOficial Cala a boca vagabundo ladrÃ£o de nove dedos,Lula, cala a boca vagabundo ladrÃ£o de nove dedos,Neutro
2022-07-30 23:16:38+00:00,1553519967915606025,@ThiagoResiste LULA PRESIDENTE,Lula, lula presidente,Neutro
2022-07-30 23:16:36+00:00,1553519962815447040,@gleisi @LulaOficial @CamiloSantanaCE @elmanofreitaspt Fale a senha: kkkk https://t.co/8mBMDNaO61,Lula,    fale a senha: kkkk ,Neutro
2022-07-30 23:16:35+00:00,1553519959346741248,@globoplay LULA PRESIDENTE E HADDAD GOVERNADOR PELA GLÃ“RIA E HONRA DO NOSSO SENHOR JESUS CRISTO ğŸ™ğŸ™ğŸ™ğŸ™ğŸ™ğŸ™ğŸ™ğŸ™âœ¨ğŸ’«â­ğŸŒŸğŸ˜â¤ï¸,Lula, lula presidente e haddad governador pela glÃ³ria e honra do nosso senhor jesus cristo ğŸ™ğŸ™ğŸ™ğŸ™ğŸ™ğŸ™ğŸ™ğŸ™âœ¨ğŸ’«â­ğŸŒŸğŸ˜â¤ï¸,Neutro
2022-07-30 23:16:35+00:00,1553519957224349696,"@DeputadoFederal @LulaOficial Sei nÃ£o, acho que nÃ£o vai dar muito certo!",Lula,"  sei nÃ£o, acho que nÃ£o vai dar muito certo!",Neutro
2022-07-30 23:16:34+00:00,1553519954984681473,"@gugachacra LÃ­der estÃ¡ nosso presidente Lula, o resto nÃ£o interessa.",Lula," lÃ­der estÃ¡ nosso presidente lula, o resto nÃ£o interessa.",Neutro
2022-07-30 23:16:34+00:00,1553519954967797763,"@LulaOficial @ricardostuckert Povo jÃ¡ tem seu candidato definido Ã© Bolsonaro,  entÃ£o sÃ³ vai ser 22 na tampa.",Lula,"  povo jÃ¡ tem seu candidato definido Ã© bolsonaro,  entÃ£o sÃ³ vai ser 22 na tampa.",Neutro
2022-07-30 23:16:34+00:00,1553519953168551938,"Bolsonaro ira cair, Ã© Lula no primeiro turno https://t.co/ImNCSdU3Fy",Lula,"bolsonaro ira cair, Ã© lula no primeiro turno ",Negativo
2022-07-30 23:16:33+00:00,1553519950245101569,@LulaOficial https://t.co/niZMDkdNT1,Lula, ,Neutro
2022-07-30 23:16:33+00:00,1553519949116837890,@Nor_Niemand @pedrodoria O Lula era amigo Ã­ntimo do Chaves!,Lula,  o lula era amigo Ã­ntimo do chaves!,Neutro
2022-07-30 23:16:33+00:00,1553519948831522816,"@MadalenaSchuck @renancalheiros @LulaOficial Agradecer a lula e Renan. 
VocÃª gosta de ser enganada?",Lula,   agradecer a lula e renan. vocÃª gosta de ser enganada?,Neutro
2022-07-30 23:16:33+00:00,1553519947862654979,"Lula Ã© BANDIDO!ğŸ’°ğŸ­ğŸ’°ğŸ­
#CapitaoDoPovoQueVaiVencerDenovo https://t.co/03LtCkEUV1",Lula,lula Ã© bandido!ğŸ’°ğŸ­ğŸ’°ğŸ­ ,Neutro
2022-07-30 23:16:33+00:00,1553519947619368963,@CamiloSantanaCE @ricardostuckert @LulaOficial @elmanofreitaspt Fake que chama,Lula,    fake que chama,Negativo
2022-07-30 23:16:32+00:00,1553519945945944071,Ampliando os eleitores de Lula pra #LulaEoPTReconstruirOBrasil #LulaNoPrimeiroTurno https://t.co/sKgA7WAxR4,Lula,ampliando os eleitores de lula pra   ,Neutro
2022-07-30 23:16:32+00:00,1553519945492959232,@renancalheiros @LulaOficial Falou o coronÃ© alagoano ...,Lula,  falou o coronÃ© alagoano ...,Neutro
2022-07-30 23:16:32+00:00,1553519945031581703,"Nosso futuro Senador @CamiloSantanaCE e nosso futuro presidente LULA @LulaOficial 

#LulaNoCeara #lulaemfortaleza #Lula13 #LulaNoPrimeiroTurno #LulaNo1ÂºTurno https://t.co/bkVTmMjQ0G",Lula,nosso futuro senador  e nosso futuro presidente lula       ,Neutro
2022-07-30 23:16:32+00:00,1553519942888067072,"@Marila121 Gracias Lula, es un temaso que debemos contar largo y tendido!",Lula," gracias lula, es un temaso que debemos contar largo y tendido!",Neutro
2022-07-30 23:16:31+00:00,1553519940002615296,"@UOLNoticias Cara Pseudo jornalista quiÃ§Ã¡ bolsonarista  ... Desde Luanda Angola Ãfrica, li com atenÃ§Ã£o sua vergonhosa matÃ©ria tendenciosa. Ã‰ bolsonarista? Ã‰ prÃ³ Trump? O que tem contra Lula da Silva?
@LulaOficial  @JanjaLula  @ptbrasil @pcp_pt",Lula," cara pseudo jornalista quiÃ§Ã¡ bolsonarista  ... desde luanda angola Ã¡frica, li com atenÃ§Ã£o sua vergonhosa matÃ©ria tendenciosa. Ã© bolsonarista? Ã© prÃ³ trump? o que tem contra lula da silva?     ",Neutro
2022-07-30 23:16:31+00:00,1553519939310555137,@EBSeixlack @LulaOficial @elmanofreitaspt E por capatazes fortemente armados....,Lula,   e por capatazes fortemente armados....,Neutro
2022-07-30 23:16:30+00:00,1553519937406308354,"@LulaOficial Sim, um condenado em trÃªs tribunais diferentes, que foi descondenado  pelos amigos. Realmente eleiÃ§Ã£o Ãºnica no mundo",Lula," sim, um condenado em trÃªs tribunais diferentes, que foi descondenado  pelos amigos. realmente eleiÃ§Ã£o Ãºnica no mundo",Negativo
2022-07-30 23:16:30+00:00,1553519937011990528,@CamiloSantanaCE @LulaOficial @elmanofreitaspt https://t.co/QGGG4SYTnK,Lula,   ,Neutro
2022-07-30 23:16:30+00:00,1553519936336691200,@LulaOficial Estamos prontos  22 confirma https://t.co/opiV8oLdwK,Lula, estamos prontos  22 confirma ,Neutro
2022-07-30 23:16:30+00:00,1553519934776434688,@LulaOficial @dilmabr Mas as obras nos paÃ­ses dos seus amigos ditadores vocÃª concluiu todas com o nosso dinheiro. Me admira ainda ter brasileiros defendendo esse lixo de ladrÃ£o.,Lula,  mas as obras nos paÃ­ses dos seus amigos ditadores vocÃª concluiu todas com o nosso dinheiro. me admira ainda ter brasileiros defendendo esse lixo de ladrÃ£o.,Neutro
2022-07-30 23:16:29+00:00,1553519933832691713,"@AndreJanonesAdv @LulaOficial Quem Ã© esse pÃ© de chinelo, nunca vi mais gordo.
Candidato a presidente?ğŸ¤£ğŸ¤£ğŸ¤£ğŸ¤£ conta outra ğŸ¤£ğŸ¤£ğŸ¤£",Lula,"  quem Ã© esse pÃ© de chinelo, nunca vi mais gordo.candidato a presidente?ğŸ¤£ğŸ¤£ğŸ¤£ğŸ¤£ conta outra ğŸ¤£ğŸ¤£ğŸ¤£",Neutro
2022-07-30 23:16:28+00:00,1553519930049445892,@LulaOficial https://t.co/ykQ0cux8YZ,Lula, ,Neutro
2022-07-30 23:16:28+00:00,1553519929734926337,@ricardope @LulaOficial @dilmabr https://t.co/zJFG86c2Al,Lula,   ,Neutro
2022-07-30 23:16:28+00:00,1553519929483313152,"n Ã© por nada n, mas a @UJSBRASIL/CE macetou fazendo a bandeira ocupar todas redes e telÃµes na convenÃ§Ã£o com Lula. AlÃ©m de ter sido a maior forÃ§a polÃ­tica de juventude (como sempre ğŸ—£ğŸ—£",Lula,"n Ã© por nada n, mas a  macetou fazendo a bandeira ocupar todas redes e telÃµes na convenÃ§Ã£o com lula. alÃ©m de ter sido a maior forÃ§a polÃ­tica de juventude (como sempre ğŸ—£ğŸ—£",Neutro
2022-07-30 23:16:53+00:00,1553520031551594498,"@jairmearrependi Ã‰ que o Moro e o Bolsonaro sÃ£o ""uma coisa sÃ³"".",Bolsonaro," Ã© que o moro e o bolsonaro sÃ£o ""uma coisa sÃ³"".",Neutro
2022-07-30 23:16:52+00:00,1553520027378262019,"@FlavioBolsonaro @jairbolsonaro @tarcisiogdf JÃ¡ ganhou, em 2022 ğŸ‘‰ğŸ¼ğŸ‘‰ğŸ¼ğŸ‘‰ğŸ¼ğŸ‘‰ğŸ¼ #LulaPresidente13",Bolsonaro,"   jÃ¡ ganhou, em 2022 ğŸ‘‰ğŸ¼ğŸ‘‰ğŸ¼ğŸ‘‰ğŸ¼ğŸ‘‰ğŸ¼ ",Neutro
2022-07-30 23:16:51+00:00,1553520022991130626,@ZeliaDuncan_ E que bom que o BOLSONARO Ã© meu presidente : https://t.co/hTUuUmmSTN,Bolsonaro, e que bom que o bolsonaro Ã© meu presidente : ,Neutro
2022-07-30 23:16:49+00:00,1553520017127374848,"O Manifesto do Direito via USP, com 500 mil assinaturas, Ã© a pÃ¡ de cal no aloprado e imaginÃ¡rio golpe de Bolsonaro, a burguesia paulista reconhece a vitÃ³ria de Lula como melhor opÃ§Ã£o que a a atual dinastia no poder. Moro desponta para o anonimato. O paÃ­s volta a maio de 2013.",Bolsonaro,"o manifesto do direito via usp, com 500 mil assinaturas, Ã© a pÃ¡ de cal no aloprado e imaginÃ¡rio golpe de bolsonaro, a burguesia paulista reconhece a vitÃ³ria de lula como melhor opÃ§Ã£o que a a atual dinastia no poder. moro desponta para o anonimato. o paÃ­s volta a maio de 2013.",Negativo
2022-07-30 23:16:49+00:00,1553520014342381569,"@LulaOficial Analisando, o molusco nÃ£o sai as ruas, Bolsonaro que jÃ¡ levou uma facada sempre quando sai arrasta multidÃ£o. Mais uma mentira, vamos a prÃ³xima.",Bolsonaro," analisando, o molusco nÃ£o sai as ruas, bolsonaro que jÃ¡ levou uma facada sempre quando sai arrasta multidÃ£o. mais uma mentira, vamos a prÃ³xima.",Neutro
2022-07-30 23:16:47+00:00,1553520009267265537,@glhrmalm Mal kkkkk eles sÃ£o bolsonaristas. Sempre que falam de Bolsonaro metem o nome dela no meio,Bolsonaro, mal kkkkk eles sÃ£o bolsonaristas. sempre que falam de bolsonaro metem o nome dela no meio,Negativo
2022-07-30 23:16:47+00:00,1553520007577051140,"NÃ£o creio. JosÃ© Maria Trindade, do Pingos nos IIs, jÃ¡ disse que o objetivo, segundo RJ, Ã© apoiar Bolsonaro nos debates pois seriam todos participantes contra ele. Boto mais fÃ© no ZÃ© Maria Trindade. https://t.co/ZHDa5ii4oN",Bolsonaro,"nÃ£o creio. josÃ© maria trindade, do pingos nos iis, jÃ¡ disse que o objetivo, segundo rj, Ã© apoiar bolsonaro nos debates pois seriam todos participantes contra ele. boto mais fÃ© no zÃ© maria trindade. ",Negativo
2022-07-30 23:16:47+00:00,1553520006792679424,"Isolado, Bolsonaro volta a atacar o STF em ato eleitoral em SP https://t.co/0tyDiwKX1M",Bolsonaro,"isolado, bolsonaro volta a atacar o stf em ato eleitoral em sp ",Neutro
2022-07-30 23:16:45+00:00,1553520001168146439,"@biradonordeste @Alexandr015 @ThiagoResiste FanÃ¡tico teu rabo,Ã© sÃ³ ver as ruas o quanto Bolsonaro arrasta multidÃ£o, enquanto o ex presidiÃ¡rio sÃ³ passa vergonha e Ã© chamado de ladrÃ£o",Bolsonaro,"   fanÃ¡tico teu rabo,Ã© sÃ³ ver as ruas o quanto bolsonaro arrasta multidÃ£o, enquanto o ex presidiÃ¡rio sÃ³ passa vergonha e Ã© chamado de ladrÃ£o",Neutro
2022-07-30 23:16:44+00:00,1553519995744919552,"Mentira. 53% nÃ£o confiam na urna. 
Datafolha: ConfianÃ§a nas urnas eletrÃ´nicas avanÃ§a em meio a ataques de Bolsonaro https://t.co/UgXehQik6J",Bolsonaro,mentira. 53% nÃ£o confiam na urna. datafolha: confianÃ§a nas urnas eletrÃ´nicas avanÃ§a em meio a ataques de bolsonaro ,Neutro
2022-07-30 23:16:44+00:00,1553519995187068928,@MarquesToalinha @MarcioM61326104 @adinaelsilva @Alexandre30k @ManesAlexandre @Nuu0204 @Valdirene4971 @EdneiaScanto @Melkpsobrinho @BergMartins14 @CameloJubeni @alvesmimar3 @vanice_a @nefertiti2022 @BetoBrasilRJ @RE_BOLSONARO ğŸ¤œğŸ¤›ğŸ‡§ğŸ‡·,Bolsonaro,                ğŸ¤œğŸ¤›ğŸ‡§ğŸ‡·,Neutro
2022-07-30 23:16:44+00:00,1553519994562019334,"@rgms87 @ThiagoResiste Outra coisa,meu caro quando vocÃª falar que Bolsonaro tem que ser preso por mentir,conforme eu vi na sua pÃ¡gina nÃ£o se esqueÃ§a de incluir outros. AliÃ¡s incluir um quem mente o tempo todo e que jÃ¡ foi atÃ© preso.ğŸ‘‡ https://t.co/t6budAlfdM",Bolsonaro,"  outra coisa,meu caro quando vocÃª falar que bolsonaro tem que ser preso por mentir,conforme eu vi na sua pÃ¡gina nÃ£o se esqueÃ§a de incluir outros. aliÃ¡s incluir um quem mente o tempo todo e que jÃ¡ foi atÃ© preso.ğŸ‘‡ ",Neutro
2022-07-30 23:16:41+00:00,1553519984055357442,"@senadorhumberto @LulaOficial Claro que o povo tÃ¡ fez pois eles tem Ã¡gua pra beber ,tomar banho e para tudo que a Ã¡gua Ã© necessÃ¡ria .GraÃ§as ao nosso querido presidente.Bolsonaro reeleito no primeiro turno ğŸ‡§ğŸ‡·ğŸ‡§ğŸ‡·ğŸ‡§ğŸ‡·",Bolsonaro,"  claro que o povo tÃ¡ fez pois eles tem Ã¡gua pra beber ,tomar banho e para tudo que a Ã¡gua Ã© necessÃ¡ria .graÃ§as ao nosso querido presidente.bolsonaro reeleito no primeiro turno ğŸ‡§ğŸ‡·ğŸ‡§ğŸ‡·ğŸ‡§ğŸ‡·",Negativo
2022-07-30 23:16:41+00:00,1553519983887634435,"@PauloMartins10 @giraldirenato @ratinho_jr @jairbolsonaro Tem que fazer uma campanha forte, que tÃº venÃ§a ğŸ™ŒğŸ™ŒğŸ™Œ
#FechadoComBolsonaro2022 ğŸ˜ğŸ‘‰ğŸ’šğŸ’›ğŸ‡§ğŸ‡·2ï¸âƒ£2ï¸âƒ£
#STFVergonhaNacional",Bolsonaro,"    tem que fazer uma campanha forte, que tÃº venÃ§a ğŸ™ŒğŸ™ŒğŸ™Œ ğŸ˜ğŸ‘‰ğŸ’šğŸ’›ğŸ‡§ğŸ‡·2ï¸âƒ£2ï¸âƒ£",Neutro
2022-07-30 23:16:41+00:00,1553519983124250627,@damadanoite14 FORA BOLSONARO,Bolsonaro, fora bolsonaro,Neutro
2022-07-30 23:16:41+00:00,1553519981924696064,"EntÃ£o comedores de capim q capim... Quem produz capim Ã© o Agro.
Sem agronegÃ³cio ninguÃ©m come.
PÃ£o nÃ£o brota na prateleira do supermercado... 
EstÃ£o se alimentando de produtos do Agro q Ã© Bolsonaro!",Bolsonaro,entÃ£o comedores de capim q capim... quem produz capim Ã© o agro.sem agronegÃ³cio ninguÃ©m come.pÃ£o nÃ£o brota na prateleira do supermercado... estÃ£o se alimentando de produtos do agro q Ã© bolsonaro!,Neutro
2022-07-30 23:16:41+00:00,1553519981610016770,"Sindicalistas retiram faixa  da CUT "" Fora Bolsonaro"" aos gritos  de MITO, MITO MITO... e aplausos.  https://t.co/7qv7jtr7bW",Bolsonaro,"sindicalistas retiram faixa  da cut "" fora bolsonaro"" aos gritos  de mito, mito mito... e aplausos.  ",Negativo
2022-07-30 23:16:40+00:00,1553519977864495107,@renancalheiros @LulaOficial Exato. Por isso voto Bolsonaro.,Bolsonaro,  exato. por isso voto bolsonaro.,Neutro
2022-07-30 23:16:39+00:00,1553519975901659139,"@sebas166019 @LilianaEsta CampaÃ±a polÃ­tica mediante , las encuestas a Bolsonaro no le dan muy bien",Bolsonaro,"  campaÃ±a polÃ­tica mediante , las encuestas a bolsonaro no le dan muy bien",Negativo
2022-07-30 23:16:39+00:00,1553519975616462860,@jairbolsonaro Ã‰ capitÃ£o novamente no primeiro turno.,Bolsonaro, Ã© capitÃ£o novamente no primeiro turno.,Negativo
2022-07-30 23:16:38+00:00,1553519969052381185,"@DamaresAlves @jairbolsonaro Eu amo o meu PaÃ­s.
â¤ï¸ Bolsonaro â¤ï¸
Ganha no primeiro turno ğŸ’• https://t.co/9bypwi7ZMW",Bolsonaro,  eu amo o meu paÃ­s.â¤ï¸ bolsonaro â¤ï¸ganha no primeiro turno ğŸ’• ,Negativo
2022-07-30 23:16:38+00:00,1553519969006125057,"@abelmaxwell2 @Pauloeuaqui1 @derflecha Eu nÃ£o acredito, as falas dele sempre vÃ£o ao contrario. Deve estar apostando que o forte desgaste do Bolsonaro acaba nÃ£o sendo necessÃ¡rio.",Bolsonaro,"   eu nÃ£o acredito, as falas dele sempre vÃ£o ao contrario. deve estar apostando que o forte desgaste do bolsonaro acaba nÃ£o sendo necessÃ¡rio.",Neutro
2022-07-30 23:16:37+00:00,1553519967420694528,@KarladeOiveira @GugaNoblat @jairbolsonaro robÃ´ nÃ£o vota tolinha burra #LulaEoPTReconstruirOBrasil,Bolsonaro,   robÃ´ nÃ£o vota tolinha burra ,Neutro
2022-07-30 23:16:37+00:00,1553519965319221250,@bibonunes1 @jairbolsonaro direita sempre mentindo. o PIX foi desenvolvido no governo Temer,Bolsonaro,  direita sempre mentindo. o pix foi desenvolvido no governo temer,Negativo
2022-07-30 23:16:36+00:00,1553519962798563333,CrianÃ§a surpreende Bolsonaro e deixa importante recado https://t.co/jt747Pws47 via @YouTube,Bolsonaro,crianÃ§a surpreende bolsonaro e deixa importante recado  via ,Neutro
2022-07-30 23:16:35+00:00,1553519958516285442,@JanainaDoBrasil Bolsonaro ganharÃ¡ no primeiro turno. VocÃª acredita nestas pesquisas?,Bolsonaro, bolsonaro ganharÃ¡ no primeiro turno. vocÃª acredita nestas pesquisas?,Negativo
2022-07-30 23:16:35+00:00,1553519958029729792,"VERDADES sobre Jair Bolsonaro que Ã© honesto, temente a Deus, que nÃ£o rouba e que estÃ¡ fazendo o Brasil crescer deixando para trÃ¡s toda a corrupÃ§Ã£o e roubalheira da velha polÃ­tica. https://t.co/UbjGH8cp2a",Bolsonaro,"verdades sobre jair bolsonaro que Ã© honesto, temente a deus, que nÃ£o rouba e que estÃ¡ fazendo o brasil crescer deixando para trÃ¡s toda a corrupÃ§Ã£o e roubalheira da velha polÃ­tica. ",Neutro
2022-07-30 23:16:35+00:00,1553519957622808576,A Ãºnica medida positiva de todo o Governo Bolsonaro foi ter feito o @SF_Moro  de otÃ¡rio.,Bolsonaro,a Ãºnica medida positiva de todo o governo bolsonaro foi ter feito o   de otÃ¡rio.,Neutro
2022-07-30 23:16:35+00:00,1553519956230393856,Bolsonaro Ã© Brasil avanÃ§ando. https://t.co/TcEwiZsTfl,Bolsonaro,bolsonaro Ã© brasil avanÃ§ando. ,Neutro
2022-07-30 23:16:34+00:00,1553519954967797763,"@LulaOficial @ricardostuckert Povo jÃ¡ tem seu candidato definido Ã© Bolsonaro,  entÃ£o sÃ³ vai ser 22 na tampa.",Bolsonaro,"  povo jÃ¡ tem seu candidato definido Ã© bolsonaro,  entÃ£o sÃ³ vai ser 22 na tampa.",Neutro
2022-07-30 23:16:34+00:00,1553519953168551938,"Bolsonaro ira cair, Ã© Lula no primeiro turno https://t.co/ImNCSdU3Fy",Bolsonaro,"bolsonaro ira cair, Ã© lula no primeiro turno ",Negativo
2022-07-30 23:16:34+00:00,1553519951536955409,Culpa do @jairbolsonaro https://t.co/YwdEKHBG7F,Bolsonaro,culpa do  ,Neutro
2022-07-30 23:16:32+00:00,1553519943190282240,"Olha o Ã³dio do bem. 
@GadoDecider isso foi por causa do Bolsonaro ğŸ˜‚ğŸ˜‚ğŸ˜‚ğŸ˜‚ğŸ˜‚ğŸ˜‚ğŸ˜‚ğŸ˜‚
#BolsonaroReeleito2022 https://t.co/MgTHRWnF9N",Bolsonaro,olha o Ã³dio do bem.  isso foi por causa do bolsonaro ğŸ˜‚ğŸ˜‚ğŸ˜‚ğŸ˜‚ğŸ˜‚ğŸ˜‚ğŸ˜‚ğŸ˜‚ ,Neutro
2022-07-30 23:16:29+00:00,1553519931110604804,"BOMBA:
Fala-se no TSE em negar registro a Bolsonaro.
Ainda que apenas para o chamado â€œpÃºblico internoâ€, sobre a tendÃªncia de negar registro Ã  candidatura Ã  reeleiÃ§Ã£o. Um ex-ministro que integrou o TSE hÃ¡ poucos anos confirmou essa expectativa. https://t.co/TTRi8j22uz",Bolsonaro,"bomba:fala-se no tse em negar registro a bolsonaro.ainda que apenas para o chamado â€œpÃºblico internoâ€, sobre a tendÃªncia de negar registro Ã  candidatura Ã  reeleiÃ§Ã£o. um ex-ministro que integrou o tse hÃ¡ poucos anos confirmou essa expectativa. ",Negativo
2022-07-30 23:16:28+00:00,1553519929495654401,O povo brasileiro Ã© Bolsonaro https://t.co/bVm9nCsoyA,Bolsonaro,o povo brasileiro Ã© bolsonaro ,Neutro
2022-07-30 23:16:28+00:00,1553519928497651713,@bibonunes1 @jairbolsonaro Teu ğŸ‘Œ,Bolsonaro,  teu ğŸ‘Œ,Neutro
2022-07-30 23:16:27+00:00,1553519921778380802,"@Joe32631911 @HPLucks_ @LulaOficial Bolsonaro e Cunha, explica aÃ­ https://t.co/rgsDnO1sVz",Bolsonaro,"   bolsonaro e cunha, explica aÃ­ ",Neutro
2022-07-30 23:16:25+00:00,1553519916493438977,"@apropriajulia @PATRlOTAS Eu amo o meu PaÃ­s.
â¤ï¸ Bolsonaro â¤ï¸
Ganha no primeiro turno ğŸ’• https://t.co/9bypwi7ZMW",Bolsonaro,  eu amo o meu paÃ­s.â¤ï¸ bolsonaro â¤ï¸ganha no primeiro turno ğŸ’• ,Negativo
2022-07-30 23:16:24+00:00,1553519912064368641,"@wonkatrollador @lucas31534831 @luluxibr @rssangel007 @RafaelCMS15 @mariade57438723 @marcofeliciano Por nos colocar com uma dÃ­vida impagÃ¡vel ao vender a dÃ­vida com a FMI a juros de 4% para os bancos com juros se 19%, triplicando nossa dÃ­vida fazendo estourar a bomba nas mÃ£os da Dilma e muitas outras questÃµes que poderia falar contra o Lula e a favor do Bolsonaro.",Bolsonaro,"       por nos colocar com uma dÃ­vida impagÃ¡vel ao vender a dÃ­vida com a fmi a juros de 4% para os bancos com juros se 19%, triplicando nossa dÃ­vida fazendo estourar a bomba nas mÃ£os da dilma e muitas outras questÃµes que poderia falar contra o lula e a favor do bolsonaro.",Positivo
2022-07-30 23:16:24+00:00,1553519909157707776,"@ZMelo20 @AloiseLouise @jairbolsonaro Tremenda rainha, alegre e bonita, e super inteligente!!",Bolsonaro,"   tremenda rainha, alegre e bonita, e super inteligente!!",Positivo
2022-07-30 23:16:24+00:00,1553519909149229056,"@jairbolsonaro Se inscrevam no canal deste patriota:
https://t.co/7KuQM9h9M7",Bolsonaro, se inscrevam no canal deste patriota:,Negativo
2022-07-30 23:16:23+00:00,1553519905307230209,"@deni59 @reportersalles ninguÃ©m vai fazer nada. Lembra da @CarlaZambelli38 ? ficou toda ""comovida"" com a vacina em crianÃ§as...na escola  E NÃƒO FEZ NADA...esqueceram...
Essa porr de Bolsonaro ou o Lula..tÃ£o pouco se phodendo para liberdade dos pais",Bolsonaro,"  ninguÃ©m vai fazer nada. lembra da  ? ficou toda ""comovida"" com a vacina em crianÃ§as...na escola  e nÃ£o fez nada...esqueceram...essa porr de bolsonaro ou o lula..tÃ£o pouco se phodendo para liberdade dos pais",Neutro
2022-07-30 23:16:22+00:00,1553519904913072131,"@MartaSdePaula @tyagoboni @rcardoso1956 @folha Bolsonaro passou 20 anos como um polÃ­tico mediocre, produÃ§Ã£o ZERO e mamando/rachando as custas do governo. Me diga qual a contribuiÃ§Ã£o como parlamentar? ZÃ© Dirceu foi preso durante o governo do PT. Me diz quem do governo atual, infestado pelo centrÃ£o, foi preso?",Bolsonaro,"    bolsonaro passou 20 anos como um polÃ­tico mediocre, produÃ§Ã£o zero e mamando/rachando as custas do governo. me diga qual a contribuiÃ§Ã£o como parlamentar? zÃ© dirceu foi preso durante o governo do pt. me diz quem do governo atual, infestado pelo centrÃ£o, foi preso?",Neutro
2022-07-30 23:16:20+00:00,1553519893147959297,"@elmanofreitaspt ğŸš¨ATENÃ‡ÃƒO, nesse fim de semana ocorre um evento de motociclistas em BrasÃ­lia, o MotoWeek, com mais de 800 mil participantes, shows gratuitos, brindes, etc.

ğŸš¨Bolsonaro vai usar o evento pra tentar dizer que 31 de julho foi ""a maior motociata da histÃ³ria"" em BrasÃ­lia!
ESPALHE! https://t.co/TfL6ZTBB0i",Bolsonaro," ğŸš¨atenÃ§Ã£o, nesse fim de semana ocorre um evento de motociclistas em brasÃ­lia, o motoweek, com mais de 800 mil participantes, shows gratuitos, brindes, etc.ğŸš¨bolsonaro vai usar o evento pra tentar dizer que 31 de julho foi ""a maior motociata da histÃ³ria"" em brasÃ­lia!espalhe! ",Neutro
2022-07-30 23:16:18+00:00,1553519884327337986,@Jeanskull02 @jairbolsonaro O povo nÃ£o acredita mais na mÃ­dia! Venceremos! #BolsonaroReeleito2022 #DireitaForte ğŸ‡§ğŸ‡·ğŸ‡§ğŸ‡·ğŸ‡§ğŸ‡·,Bolsonaro,  o povo nÃ£o acredita mais na mÃ­dia! venceremos!   ğŸ‡§ğŸ‡·ğŸ‡§ğŸ‡·ğŸ‡§ğŸ‡·,Neutro
2022-07-30 23:16:17+00:00,1553519879847907329,"Por favor, @jairbolsonaro nosso amado presidente,Ã± permita que isso aconteÃ§a! Essas ğŸ’‰ğŸ’‰SÃ£o experimentais...cujo efeitos graves e atÃ© Ã³bitos,seguem  ignorados pela Anvisa e Min da SaÃºde,que jÃ¡ quer lanÃ§ar no calendÃ¡rio das crianÃ§as?ğŸ˜±Pandemia acabou!â¤µï¸

https://t.co/BcoX4AiCzA",Bolsonaro,"por favor,  nosso amado presidente,Ã± permita que isso aconteÃ§a! essas ğŸ’‰ğŸ’‰sÃ£o experimentais...cujo efeitos graves e atÃ© Ã³bitos,seguem  ignorados pela anvisa e min da saÃºde,que jÃ¡ quer lanÃ§ar no calendÃ¡rio das crianÃ§as?ğŸ˜±pandemia acabou!â¤µï¸",Negativo
2022-07-30 23:16:16+00:00,1553519879537528834,@BlogdoJuca Se Bolsonaro ganhar ele terÃ¡ oposiÃ§Ã£o ; se Lula ganhar ele nÃ£o terÃ¡ oposiÃ§Ã£o .,Bolsonaro, se bolsonaro ganhar ele terÃ¡ oposiÃ§Ã£o ; se lula ganhar ele nÃ£o terÃ¡ oposiÃ§Ã£o .,Neutro
2022-07-30 23:16:16+00:00,1553519877360865281,"@LulaOficial @elmanofreitaspt @CamiloSantanaCE @ricardostuckert Eu amo o meu PaÃ­s.
â¤ï¸ Bolsonaro â¤ï¸
Ganha no primeiro turno ğŸ’• https://t.co/9bypwi7ZMW",Bolsonaro,    eu amo o meu paÃ­s.â¤ï¸ bolsonaro â¤ï¸ganha no primeiro turno ğŸ’• ,Negativo
2022-07-30 23:16:14+00:00,1553519870435905539,"O agronegÃ³cio Ã© Bolsonaro!
EntÃ£o o agricultura familiar, orgÃ¢nica, micro, mÃ©dio e grande produtor Ã© Bolsonaro.
O Brasil acordou!
Os posseiros q recebem seu tÃ­tulo de terra apÃ³s 40 anos, e o tÃ­tulo sai preferencialmente no nome das mulheres sÃ£o Bolsonaro.",Bolsonaro,"o agronegÃ³cio Ã© bolsonaro!entÃ£o o agricultura familiar, orgÃ¢nica, micro, mÃ©dio e grande produtor Ã© bolsonaro.o brasil acordou!os posseiros q recebem seu tÃ­tulo de terra apÃ³s 40 anos, e o tÃ­tulo sai preferencialmente no nome das mulheres sÃ£o bolsonaro.",Negativo
2022-07-30 23:16:10+00:00,1553519853717397504,@Melkpsobrinho @MarcioM61326104 @adinaelsilva @Alexandre30k @ManesAlexandre @Nuu0204 @Valdirene4971 @EdneiaScanto @BergMartins14 @CameloJubeni @alvesmimar3 @vanice_a @nefertiti2022 @BetoBrasilRJ @RE_BOLSONARO ğŸ¤œğŸ¤›ğŸ‡§ğŸ‡·,Bolsonaro,               ğŸ¤œğŸ¤›ğŸ‡§ğŸ‡·,Neutro
2022-07-30 23:16:10+00:00,1553519852979191809,@FlavioBolsonaro @tarcisiogdf @jairbolsonaro ğŸ™ğŸ‘ğŸ¼ğŸ‘ğŸ¼ğŸ‘ğŸ¼ğŸ‘ğŸ¼ğŸ†™ğŸ’ªğŸ¼ğŸ‡§ğŸ‡·ğŸ‘ŠğŸ¼,Bolsonaro,   ğŸ™ğŸ‘ğŸ¼ğŸ‘ğŸ¼ğŸ‘ğŸ¼ğŸ‘ğŸ¼ğŸ†™ğŸ’ªğŸ¼ğŸ‡§ğŸ‡·ğŸ‘ŠğŸ¼,Neutro
2022-07-30 23:16:51+00:00,1553520026346524674,@Omardeideais Saiu o DataToalha com a intenÃ§Ã£o de voto do @cirogomes ! https://t.co/DfCFxAzK9e,Ciro Gomes, saiu o datatoalha com a intenÃ§Ã£o de voto do  ! ,Neutro
2022-07-30 23:16:43+00:00,1553519990237810688,@cirogomes Teria nÃ£o!ğŸ˜‚ğŸ˜‚ğŸ˜‚,Ciro Gomes, teria nÃ£o!ğŸ˜‚ğŸ˜‚ğŸ˜‚,Neutro
2022-07-30 23:16:36+00:00,1553519962915934208,@cirogomes ğŸ‘,Ciro Gomes, ğŸ‘,Neutro
2022-07-30 23:16:26+00:00,1553519920494829568,@nave1964 @cirogomes Que vagsbundo,Ciro Gomes,  que vagsbundo,Neutro
2022-07-30 23:16:13+00:00,1553519864589217792,"@cirogomes CirÃ£o, cai pra direita velho, lÃ¡ Ã© teu lugar, vocÃª Ã© do bem, vai agregar e muito ao paÃ­s ğŸ‘ŠğŸ¾ğŸ’ªğŸ¾ğŸ˜ğŸ‡§ğŸ‡·ğŸ‡§ğŸ‡·ğŸ‡§ğŸ‡·ğŸ‡§ğŸ‡·ğŸ‡§ğŸ‡·ğŸ‡§ğŸ‡·ğŸ‡§ğŸ‡·ğŸ‡§ğŸ‡·ğŸ‡§ğŸ‡·",Ciro Gomes," cirÃ£o, cai pra direita velho, lÃ¡ Ã© teu lugar, vocÃª Ã© do bem, vai agregar e muito ao paÃ­s ğŸ‘ŠğŸ¾ğŸ’ªğŸ¾ğŸ˜ğŸ‡§ğŸ‡·ğŸ‡§ğŸ‡·ğŸ‡§ğŸ‡·ğŸ‡§ğŸ‡·ğŸ‡§ğŸ‡·ğŸ‡§ğŸ‡·ğŸ‡§ğŸ‡·ğŸ‡§ğŸ‡·ğŸ‡§ğŸ‡·",Neutro
2022-07-30 23:16:12+00:00,1553519860143083520,"@cirogomes Ã‰, realmente nÃ£o pode ser sÃ³ efeito do Ã¡lcool!!!",Ciro Gomes," Ã©, realmente nÃ£o pode ser sÃ³ efeito do Ã¡lcool!!!",Neutro
2022-07-30 23:16:10+00:00,1553519853348306944,"@JulioCPereirajr @anfers1985 @psol50 @Haddad_Fernando @cirogomes @antonionetopdt @aldorebelo @elviscezar_ofc E que pode, ao fim de tudo, ser completamente infeliz

PorÃ©m

Correto",Ciro Gomes,"        e que pode, ao fim de tudo, ser completamente infelizporÃ©mcorreto",Neutro
2022-07-30 23:16:01+00:00,1553519815377256449,@gomyde @cirogomes Grande @cirogomes !! Ideias importantÃ­ssimas para o Brasil #prefirociro #cirorebeldiadaesperanÃ§a #ciroaunicavia #CiroPresidente,Ciro Gomes,  grande  !! ideias importantÃ­ssimas para o brasil    ,Neutro
2022-07-30 23:15:48+00:00,1553519759119065088,@CarlosLinhare @CiraoCarioca Ciro Gomes Ã© a melhor opÃ§Ã£o para o Brasil,Ciro Gomes,  ciro gomes Ã© a melhor opÃ§Ã£o para o brasil,Neutro
2022-07-30 23:15:43+00:00,1553519740085215232,@cirogomes LULA PRESIDENTE E HADDAD GOVERNADOR PELA GLÃ“RIA E HONRA DO NOSSO SENHOR JESUS CRISTO ğŸ™ğŸ™ğŸ™ğŸ™ğŸ™ğŸ™ğŸ™ğŸ™âœ¨ğŸ’«â­ğŸŒŸğŸ˜â¤ï¸,Ciro Gomes, lula presidente e haddad governador pela glÃ³ria e honra do nosso senhor jesus cristo ğŸ™ğŸ™ğŸ™ğŸ™ğŸ™ğŸ™ğŸ™ğŸ™âœ¨ğŸ’«â­ğŸŒŸğŸ˜â¤ï¸,Neutro
2022-07-30 23:15:27+00:00,1553519670187139072,@JosPereira91 @cirogomes SerÃ¡? Kkkk,Ciro Gomes,  serÃ¡? kkkk,Neutro
2022-07-30 23:15:12+00:00,1553519607792771072,@AnaKurama12 Esse papo deles Ã© besta demais. Se eu quisesse que o Loola vencesse no primeiro ou segundo turno votaria nele e nÃ£o no Ciro. Acontece que eu quero o CIRO GOMES presidente!!! #CiroPresidente,Ciro Gomes, esse papo deles Ã© besta demais. se eu quisesse que o loola vencesse no primeiro ou segundo turno votaria nele e nÃ£o no ciro. acontece que eu quero o ciro gomes presidente!!! ,Negativo
2022-07-30 23:15:01+00:00,1553519564763414528,"Nossa ÃšNICA VIA.
CIRO GOMES 12. https://t.co/NxYaNuEl0Q",Ciro Gomes,nossa Ãºnica via.ciro gomes 12. ,Neutro
2022-07-30 23:14:55+00:00,1553519539589087236,@cirogomes @gomyde LULA PRESIDENTE E HADDAD GOVERNADOR PELA GLÃ“RIA E HONRA DO NOSSO SENHOR JESUS CRISTO ğŸ™ğŸ™ğŸ™ğŸ™ğŸ™ğŸ™ğŸ™ğŸ™âœ¨ğŸ’«â­ğŸŒŸğŸ˜â¤ï¸,Ciro Gomes,  lula presidente e haddad governador pela glÃ³ria e honra do nosso senhor jesus cristo ğŸ™ğŸ™ğŸ™ğŸ™ğŸ™ğŸ™ğŸ™ğŸ™âœ¨ğŸ’«â­ğŸŒŸğŸ˜â¤ï¸,Neutro
2022-07-30 23:14:44+00:00,1553519493699305473,"Anote em sua agenda de compromisso que nesta segunda-feira, temos um encontro de esperanÃ§a e de mudanÃ§a para o estado do Amazonas. 

 ğŸ“Œ Dia 1 de agosto (segunda-feira)

ğŸ“Rancho Sertanejo (Av. Prof. Nilton Lins, 219 - Bairro Flores) 

â° 17h 

@cirogomes @luizcastroam 

#pdt12 https://t.co/UGpkfYTrOM",Ciro Gomes,"anote em sua agenda de compromisso que nesta segunda-feira, temos um encontro de esperanÃ§a e de mudanÃ§a para o estado do amazonas.  ğŸ“Œ dia 1 de agosto (segunda-feira)ğŸ“rancho sertanejo (av. prof. nilton lins, 219 - bairro flores) â° 17h    ",Neutro
2022-07-30 23:14:43+00:00,1553519485826498560,"@evenstarariel @cirogomes Ele ataca todo mundo, essa Ã© a tÃ¡tica do Ã‡iro, porque nÃ£o tem imaginaÃ§Ã£o e nÃ£o deixou legado em 30 anos de polÃ­tica. Agora fica aÃ­ de mimimi.",Ciro Gomes,"  ele ataca todo mundo, essa Ã© a tÃ¡tica do Ã§iro, porque nÃ£o tem imaginaÃ§Ã£o e nÃ£o deixou legado em 30 anos de polÃ­tica. agora fica aÃ­ de mimimi.",Neutro
2022-07-30 23:14:14+00:00,1553519366964125696,@AkyllaFernanda @CiraoCarioca Ciro Gomes Ã© a melhor opÃ§Ã£o para o Brasil,Ciro Gomes,  ciro gomes Ã© a melhor opÃ§Ã£o para o brasil,Neutro
2022-07-30 23:13:44+00:00,1553519239650312192,@guilhermegauden @cirogomes Eleitores que quebraram essa barreira que querem no impÃ´s,Ciro Gomes,  eleitores que quebraram essa barreira que querem no impÃ´s,Negativo
2022-07-30 23:13:32+00:00,1553519188043612167,"Cara foi longe demais dessa vez, por essa eu nÃ£o esperava kkkk @cirogomes gostou da homenagem ? #CiroPresidente https://t.co/AkzlVbe7uj",Ciro Gomes,"cara foi longe demais dessa vez, por essa eu nÃ£o esperava kkkk  gostou da homenagem ?  ",Neutro
2022-07-30 23:13:26+00:00,1553519164286976000,@cirogomes Kkkkkkkkkkkk..... SÃ³ pode vir de NÃ¡rnia uma cara que escreve isso afim de ganhar votos kkkkkk,Ciro Gomes, kkkkkkkkkkkk..... sÃ³ pode vir de nÃ¡rnia uma cara que escreve isso afim de ganhar votos kkkkkk,Neutro
2022-07-30 23:13:21+00:00,1553519145605632001,@cirogomes Fala aÃ­ 6%!,Ciro Gomes, fala aÃ­ 6%!,Neutro
2022-07-30 23:13:17+00:00,1553519128337698822,"@vidatrotamundo @BabeneMarcos @EltonPsantos12 @cirogomes Amigo, isso Ã© relativo. As intenÃ§Ãµes de votos mudam diariamente, principalmente pÃ³s-debates. Nos debates indecisos escolhem seus candidatos. A Marina Silva em 2014, teve um reper histÃ³rico, conquistou o povo e quase chegou ao 2 turno.",Ciro Gomes,"    amigo, isso Ã© relativo. as intenÃ§Ãµes de votos mudam diariamente, principalmente pÃ³s-debates. nos debates indecisos escolhem seus candidatos. a marina silva em 2014, teve um reper histÃ³rico, conquistou o povo e quase chegou ao 2 turno.",Neutro
2022-07-30 23:12:59+00:00,1553519050667577346,@PazoAndre @Kli_Nev @FGuerreiroMEP @cirogomes FaÃ§o isso dia a dia. Meu dever como cidadÃ£o.,Ciro Gomes,    faÃ§o isso dia a dia. meu dever como cidadÃ£o.,Neutro
2022-07-30 23:12:57+00:00,1553519042924888064,"@tricolor277 @evenstarariel @cirogomes Mano, lembro q era no Facebook, mas n lembro o nome pra te falar a vdd, e n sÃ£o sÃ³ verificados q falam do ğŸ¦‘, as pesquisas tbm falam",Ciro Gomes,"   mano, lembro q era no facebook, mas n lembro o nome pra te falar a vdd, e n sÃ£o sÃ³ verificados q falam do ğŸ¦‘, as pesquisas tbm falam",Negativo
2022-07-30 23:12:54+00:00,1553519029591195648,#CiroPresidente #CiroPresidente12 #CiroPresidente12 #cirogames #CiroGomes #Ciro #cironoavesso #PrefiroCiro https://t.co/OvXjEdMvuT,Ciro Gomes,        ,Neutro
2022-07-30 23:12:52+00:00,1553519020573335553,@cirogomes Kkkkkkkkkkkkkkkkkk https://t.co/nxTUugM1NY,Ciro Gomes, kkkkkkkkkkkkkkkkkk ,Neutro
2022-07-30 23:12:44+00:00,1553518988113678342,@cirogomes TaÃ­!,Ciro Gomes, taÃ­!,Neutro
2022-07-30 23:12:39+00:00,1553518968564027398,@AndreJanonesAdv @cirogomes Que conversÃ£o seria essa? JÃ¡ vi alguns discursos seus e parece Ciro falando. NÃ£o entendi nada.,Ciro Gomes,  que conversÃ£o seria essa? jÃ¡ vi alguns discursos seus e parece ciro falando. nÃ£o entendi nada.,Neutro
2022-07-30 23:12:38+00:00,1553518964902346753,@AcoLyonel Vixi!!!! Chama o @cirogomes urgente!!!!,Ciro Gomes, vixi!!!! chama o  urgente!!!!,Neutro
2022-07-30 23:12:32+00:00,1553518936548933632,TEM UM COMERCIAL DO CIRO GOMES QUE Ã‰ MUITO FEIOKKKKKKKKKKKKKKKKKKKKKK QUE PORRA Ã‰ ESSA,Ciro Gomes,tem um comercial do ciro gomes que Ã© muito feiokkkkkkkkkkkkkkkkkkkkkk que porra Ã© essa,Neutro
2022-07-30 23:12:30+00:00,1553518931620642817,"@MaraLuquet @LulaOficial @cirogomes Ciro tem muitos defeitos, mas nunca foi um criminoso, um ladrÃ£o, jÃ¡ Lula Ã© um gangster, que em um paÃ­s civilizado estaria apodrecendo na cadeia!!!",Ciro Gomes,"   ciro tem muitos defeitos, mas nunca foi um criminoso, um ladrÃ£o, jÃ¡ lula Ã© um gangster, que em um paÃ­s civilizado estaria apodrecendo na cadeia!!!",Neutro
2022-07-30 23:12:30+00:00,1553518929590583296,"Que alegria, que prazer enorme rever vocÃª hoje, meu caro amigo @cirogomes . Ainda mais na querida Belo Horizonte. Conte sempre comigo, meu presidente!!

#BrasilPraFrente #CiroPresidente #RebeldiadaEsperanÃ§a #PrefiroCiro https://t.co/ZvA5f2gljF",Ciro Gomes,"que alegria, que prazer enorme rever vocÃª hoje, meu caro amigo  . ainda mais na querida belo horizonte. conte sempre comigo, meu presidente!!    ",Neutro
2022-07-30 23:12:29+00:00,1553518927568949254,"@cirogomes @GloboNews Com licenÃ§a, essa toalha Ã© do senhor? https://t.co/4e9BgSxNrA",Ciro Gomes,"  com licenÃ§a, essa toalha Ã© do senhor? ",Neutro
2022-07-30 23:12:27+00:00,1553518918811230208,@vinisantosrj @AndreJanonesAdv @cirogomes SÃ³ respondo quando chegar aos dois dÃ­gitos.,Ciro Gomes,   sÃ³ respondo quando chegar aos dois dÃ­gitos.,Neutro
2022-07-30 23:12:11+00:00,1553518851165388801,@cirogomes Otimista heimmmğŸ˜‚ğŸ˜‚ğŸ˜‚ğŸ˜‚,Ciro Gomes, otimista heimmmğŸ˜‚ğŸ˜‚ğŸ˜‚ğŸ˜‚,Neutro
2022-07-30 23:12:10+00:00,1553518847705206791,@cirogomes Sai daÃ­ arenista! Traidor da esquerda a qual nunca pertenceu!,Ciro Gomes, sai daÃ­ arenista! traidor da esquerda a qual nunca pertenceu!,Neutro
2022-07-30 23:12:01+00:00,1553518806215151621,@gomyde @cirogomes LULA PRESIDENTE E HADDAD GOVERNADOR PELA GLÃ“RIA E HONRA DO NOSSO SENHOR JESUS CRISTO ğŸ™ğŸ™ğŸ™ğŸ™ğŸ™ğŸ™ğŸ™ğŸ™âœ¨ğŸ’«â­ğŸŒŸğŸ˜â¤ï¸,Ciro Gomes,  lula presidente e haddad governador pela glÃ³ria e honra do nosso senhor jesus cristo ğŸ™ğŸ™ğŸ™ğŸ™ğŸ™ğŸ™ğŸ™ğŸ™âœ¨ğŸ’«â­ğŸŒŸğŸ˜â¤ï¸,Neutro
2022-07-30 23:11:58+00:00,1553518796299804679,@AndreJanonesAdv @cirogomes Se vendeu por quantas toalhas?,Ciro Gomes,  se vendeu por quantas toalhas?,Neutro
2022-07-30 23:11:57+00:00,1553518790335467522,"@CentralEleicoes Continuo desafiando a mÃ­dia a pautar o @cirogomes no seu conjunto de ideias para o Brasil.E nÃ£o somente NO que ele fale sobre o Lula... Ciro Ã© o principal crÃ­tico do Lula, mas Ciro Ã© muito mais que isso! #PrefiroCiro #CiroPresidente",Ciro Gomes," continuo desafiando a mÃ­dia a pautar o  no seu conjunto de ideias para o brasil.e nÃ£o somente no que ele fale sobre o lula... ciro Ã© o principal crÃ­tico do lula, mas ciro Ã© muito mais que isso!  ",Negativo
2022-07-30 23:11:48+00:00,1553518754730070019,@scostacurta2011 @Sil40049935Nice @paris_12_ @AndreJanonesAdv @cirogomes 9%,Ciro Gomes,     9%,Neutro
2022-07-30 23:11:46+00:00,1553518746525917184,@Newman91643288 @cirogomes Concordo rs,Ciro Gomes,  concordo rs,Neutro
2022-07-30 23:11:44+00:00,1553518737940250624,@cirogomes O cirro estÃ¡ falando a verdade pra os da iguala dele. sabe perdi a empatia pelo cirro!,Ciro Gomes, o cirro estÃ¡ falando a verdade pra os da iguala dele. sabe perdi a empatia pelo cirro!,Neutro
2022-07-30 23:11:44+00:00,1553518736400957440,"@cirogomes Ciro, deixa dessa choradeira, jÃ¡ tÃ¡ feiÃ£o...",Ciro Gomes," ciro, deixa dessa choradeira, jÃ¡ tÃ¡ feiÃ£o...",Neutro
2022-07-30 23:11:42+00:00,1553518727022448640,@cirogomes @GloboNews LULA PRESIDENTE https://t.co/fGeutN2zOR,Ciro Gomes,  lula presidente ,Neutro
2022-07-30 23:11:27+00:00,1553518664464433155,"@ciro_nogueira @jairbolsonaro @ciro_nogueira como vai ser o seu posicionamento mesmo?
Ciro Gomes, Lula ou Bolsonaro?
Pois no palanque no PiauÃ­ da forma que estÃ¡ sendo trabalhado tem cara de que vocÃª estÃ¡ no team lula!",Ciro Gomes,"   como vai ser o seu posicionamento mesmo?ciro gomes, lula ou bolsonaro?pois no palanque no piauÃ­ da forma que estÃ¡ sendo trabalhado tem cara de que vocÃª estÃ¡ no team lula!",Negativo
2022-07-30 23:11:23+00:00,1553518647993417728,@EngZini @cirogomes Que orgulho!!!!,Ciro Gomes,  que orgulho!!!!,Neutro
2022-07-30 23:10:58+00:00,1553518544670842880,@EngZini @cirogomes @EngZini Deputado estadual nÂ° 12120 #PDT #TimeZini #VieiraGovernador #CiroPresidente12,Ciro Gomes,   deputado estadual nÂ° 12120    ,Neutro
2022-07-30 23:10:56+00:00,1553518534172483584,"@cirogomes ""HÃ¡ 500 anos, direto do tÃºnel do tempo"". Valeu a tentativa, CoronÃ© 6%. Mas Ã© #LulaNoPrimeiroTurno",Ciro Gomes," ""hÃ¡ 500 anos, direto do tÃºnel do tempo"". valeu a tentativa, coronÃ© 6%. mas Ã© ",Neutro
2022-07-30 23:10:54+00:00,1553518527969116164,"@cirogomes ParabÃ©ns mas, quando vc vai pra FranÃ§a? Fia.02 mesmo ou 03 de outubro?",Ciro Gomes," parabÃ©ns mas, quando vc vai pra franÃ§a? fia.02 mesmo ou 03 de outubro?",Neutro
2022-07-30 23:10:52+00:00,1553518518158737408,"SerÃ¡ que o povo mais esclarecido tanto do lado do L quanto do lado do B nÃ£o percebeu a jogada de Mestre do @cirogomes em conscientizar a populaÃ§Ã£o atravÃ©s do PND, despertando o BRASIL. Porque a hora que o Gigante acordar de vez, ninguÃ©m que estiver com L ou B estarÃ¡ salvo!",Ciro Gomes,"serÃ¡ que o povo mais esclarecido tanto do lado do l quanto do lado do b nÃ£o percebeu a jogada de mestre do  em conscientizar a populaÃ§Ã£o atravÃ©s do pnd, despertando o brasil. porque a hora que o gigante acordar de vez, ninguÃ©m que estiver com l ou b estarÃ¡ salvo!",Positivo
2022-07-30 23:10:46+00:00,1553518495064801281,@randolfeap Ã‰ por isso que sou Ciro Gomes!!! ğŸŒ¹,Ciro Gomes, Ã© por isso que sou ciro gomes!!! ğŸŒ¹,Neutro
